id,name,registration_date,email
1,Jason Brown,2023-05-16,daniel02@brown.biz
2,Sandra Griffin,2024-03-30,ismith@kim.com
3,Miss Christine Morgan,2023-11-28,olee@coleman-rodriguez.com
4,Cory Cooper,2023-12-30,randall75@park.info
5,Anne Davis,2023-01-15,brownkatelyn@gmail.com
6,Amy Dunn,2023-01-04,leedanielle@hotmail.com
7,Regina Miller,2023-07-02,lvalencia@hotmail.com
8,Logan Simon,2024-09-18,nicholas43@taylor.com
9,Scott Lucas,2023-08-12,victoria83@johnson.com
10,Tom Hodges,2024-07-26,jamiehansen@porter.com
11,Kenneth Cobb,2023-10-20,hernandezchristopher@harris-hopkins.com
12,Jessica Hernandez,2024-10-20,gentrygarrett@hotmail.com
13,Meghan Yu,2024-03-22,amydavis@blair.com
14,Matthew Hill,2023-06-10,annaavila@johnson-parker.com
15,Antonio Burke,2024-01-15,joannamays@yahoo.com
16,Tony Lloyd,2024-05-25,howardmiguel@myers.biz
17,Craig Parsons,2024-07-17,thomasjackson@yahoo.com
18,Brandon Adams,2023-01-16,jenniferjohns@salazar.net
19,Anthony Merritt,2023-07-01,natalieallen@hotmail.com
20,Tanya Hill,2022-12-24,deleonstacey@maldonado-wood.com
21,Donna Farmer,2024-05-23,sbrown@carrillo.com
22,Jocelyn Lee,2023-06-26,csmith@gmail.com
23,Cesar Mills,2023-03-22,kirknicole@scott-shaw.com
24,Carmen Hardy,2024-11-23,vandersen@cox-hunt.net
25,Joshua Sanders,2023-07-12,jessicalee@yahoo.com
26,Sheila Brown,2023-10-29,daniel49@yahoo.com
27,Andrew Martinez,2024-06-25,angelamcdonald@yahoo.com
28,Eric Schneider,2023-04-11,caleb27@jones.com
29,Richard Mendoza,2023-10-09,craigjohn@powell-parker.com
30,Patrick Freeman,2024-07-22,sarahbarnes@pollard.com
31,Linda Smith,2023-08-20,linda22@hotmail.com
32,Natasha Colon,2024-04-27,andrewdavis@yahoo.com
33,James Decker,2024-12-04,careysharon@hotmail.com
34,Curtis Wilson,2024-02-02,ebaker@hotmail.com
35,Michael Hernandez,2024-11-23,michael22@gmail.com
36,Melissa Wright,2024-04-06,jeff54@yahoo.com
37,Dawn Jordan,2024-07-27,lisavaldez@barton-williams.net
38,Amber Arellano MD,2023-12-17,mckinneysusan@hotmail.com
39,Eric Green,2024-05-25,jennifer29@gmail.com
40,Christopher Ryan,2024-04-11,urichards@hotmail.com
41,Megan Johnson,2023-09-07,barbara97@villa.org
42,Jennifer Brown,2024-04-26,bryantamanda@garcia-peterson.com
43,Michael Lee,2023-03-28,taylorsims@watson-salazar.net
44,Tiffany Wilson,2024-07-30,matthewbaker@simon.com
45,Thomas Young,2023-09-14,gregoryhurley@hotmail.com
46,Karen Rojas,2024-04-28,ogoodman@gmail.com
47,Scott Mitchell,2023-03-19,reedamanda@gmail.com
48,Stacy Thomas,2024-03-26,watsonsarah@lopez.net
49,Bradley Bailey,2024-07-25,james45@parker-brown.com
50,Stephen Gomez,2023-11-13,johnsonglenn@clark.net
51,Michael Mcdowell,2023-12-21,emilyclark@hotmail.com
52,Lisa Matthews,2023-02-08,walkerchristopher@west.com
53,Nathaniel Mckinney,2023-06-16,crystal99@hotmail.com
54,Donald Downs,2024-08-29,gutierrezjames@gmail.com
55,Duane Johnson,2024-08-01,craig01@hall.net
56,Brenda Grant,2023-04-22,cindymurphy@watts.com
57,Patrick Martin,2024-09-13,lindsey04@bowman-williams.com
58,Jacqueline Mclaughlin,2024-07-27,johnvaldez@kaufman.org
59,Patrick Martinez,2024-01-09,robinsonchelsea@jordan-palmer.org
60,Christopher Ramos,2023-08-29,qhawkins@yahoo.com
61,Kristy Morse,2023-10-04,webstergerald@yahoo.com
62,Heather Campbell,2023-09-17,mallory52@gmail.com
63,Hailey Simmons,2023-10-10,ybennett@gmail.com
64,Sarah Dean,2023-02-18,kayla19@cruz.org
65,Erica Bautista,2023-04-18,petersontimothy@hotmail.com
66,Ronald Davis,2024-04-14,dross@gmail.com
67,Karen Stephens,2023-10-24,bakerwendy@evans.com
68,Jake Ali,2023-10-02,lferguson@villanueva-khan.com
69,Michael Mitchell,2024-11-23,masoneric@bauer-walter.net
70,Michael Duncan Jr.,2023-01-06,robinsonjulie@gmail.com
71,Jeffery Bray,2024-09-07,danieljacob@gmail.com
72,James Miller,2024-11-20,marypowers@martin.info
73,Kristina Jackson,2023-06-15,carterteresa@chavez.biz
74,Dawn Hess,2024-01-22,stephensrichard@ford.org
75,Jose Graves,2024-10-10,bwilliams@yahoo.com
76,Shawn Bishop,2024-04-04,javiermoore@morris.com
77,Angela Brewer,2023-05-29,veronica24@gmail.com
78,Autumn Carter,2024-01-18,nhenson@hall.info
79,Mark Sexton,2024-01-06,zsmith@gmail.com
80,Katie Doyle,2024-05-05,operez@yahoo.com
81,Amber Walter,2024-07-27,melinda02@torres-preston.org
82,Dr. James Garcia,2024-10-28,eric54@thompson.com
83,James Cervantes,2023-05-17,loripetty@yahoo.com
84,Anthony Chen,2024-12-11,davidlee@alexander.com
85,Mark Cox,2024-10-04,jasminedavis@stevens.com
86,Samuel Lewis,2024-12-02,hlopez@dickson.net
87,Alexander Taylor,2024-11-11,michelle12@yahoo.com
88,Hailey Osborne,2023-05-11,katherine26@hotmail.com
89,Lauren Martinez,2023-01-19,sergio74@gmail.com
90,Bradley Snyder,2024-01-13,jessica22@lopez.com
91,Kelli Goodwin,2023-10-03,angelapayne@yahoo.com
92,Wesley Steele,2024-09-19,michellehorton@yahoo.com
93,Melissa Franklin,2024-09-21,dylancastillo@ray.com
94,Donald Davis,2023-06-11,sabrina87@allen.org
95,Kathy Lee,2023-01-09,jamesrivera@gmail.com
96,Lynn Ortiz,2024-07-15,johnsonrachel@hotmail.com
97,Kenneth Lewis,2023-05-11,christopher01@gmail.com
98,Diane Thompson,2024-03-25,susanmyers@gonzalez.biz
99,Matthew Williams,2024-04-09,george92@yahoo.com
100,Bradley Hernandez,2024-10-04,moorejames@acosta.com
101,George Ramos,2023-06-24,casenancy@yahoo.com
102,Michael Murphy,2024-11-15,andrearoach@gmail.com
103,Jerry Carlson,2023-08-23,hensleylaura@gmail.com
104,Miss Casey Silva,2024-05-31,brownpatricia@johnson.com
105,Ashley Gardner,2023-10-21,heather21@hall.com
106,Edward Wang Jr.,2024-04-18,westgabriel@gmail.com
107,Jose Wallace,2023-04-16,ashley02@west.com
108,Daniel Stafford,2023-06-02,amber25@gmail.com
109,Nancy Adkins,2024-12-08,dominguezanthony@james.info
110,Hannah Turner,2024-10-11,tara89@turner.com
111,Donna Mitchell,2024-03-24,leslie32@jones.net
112,Sara Shaw DDS,2023-07-12,alanbell@shepherd-garza.com
113,Brooke Duncan,2024-11-22,avilathomas@gmail.com
114,Corey Warren,2023-07-30,calebgarcia@moody-evans.com
115,Savannah Wallace,2023-08-20,adrian35@williams.info
116,Richard Bradley,2023-09-28,ronaldmueller@nolan-dillon.info
117,Justin Rivera,2023-01-27,susanjohnson@yahoo.com
118,Jorge Gallegos,2024-08-27,perryjohn@hill.com
119,John Ruiz,2024-04-06,allenkatherine@guzman.org
120,Kristy Harper,2023-03-24,petergallagher@gmail.com
121,John Larson,2024-05-08,underwooddana@gmail.com
122,Michael Ray,2024-10-15,zray@davis.info
123,Sonya Miller,2023-05-12,natasha40@holloway-wright.com
124,Joseph Sosa,2024-03-29,xmiller@hotmail.com
125,David Hooper,2023-02-05,mbarry@gmail.com
126,Victoria Short,2023-09-25,jamiereese@yahoo.com
127,Douglas Jackson,2023-05-20,scottnelson@yahoo.com
128,John Hardin,2023-05-12,joannasilva@nelson-munoz.com
129,Gabriel Douglas,2024-04-07,kfloyd@yahoo.com
130,Javier Marquez,2023-01-19,dirwin@rodriguez.com
131,Troy Mahoney,2022-12-28,sheilarivera@reid-cook.com
132,Darlene Butler,2024-03-29,phelpsjudy@johnson.biz
133,Dustin Roberts,2023-09-01,kellercraig@yahoo.com
134,Jerry Williams,2024-06-02,jonesbryce@russell-welch.com
135,Denise Kim DVM,2023-10-22,charlene51@dorsey.com
136,Amanda Fernandez,2023-04-24,jellis@yahoo.com
137,Nicholas Holmes,2023-11-18,chelsea18@durham-bridges.org
138,Brian Arellano,2023-09-12,mariefrench@hotmail.com
139,Rebecca Newman,2023-11-09,jboyle@davis.com
140,Gabrielle Mcmillan,2024-12-15,erikalopez@martinez-smith.com
141,Kimberly Garrison,2023-02-08,taylor06@lewis-horton.com
142,Sherry Coleman,2024-07-14,kristina88@gmail.com
143,Hector Williams,2024-06-26,contrerasdebbie@yahoo.com
144,James Matthews,2024-10-21,dhudson@gmail.com
145,Ann Montgomery,2023-10-23,jennifermiller@ramos.com
146,Sarah Torres,2023-06-28,kelly16@gmail.com
147,Christopher Miller,2024-10-26,pmercado@yahoo.com
148,Angela Byrd,2024-10-03,codyallison@hotmail.com
149,Kim Sharp,2023-04-02,sanchezjessica@hotmail.com
150,Jessica Phillips,2023-01-24,jasonwilliams@yahoo.com
151,Joshua Hoover MD,2023-11-02,christianweaver@gmail.com
152,David Lucas,2023-10-06,romeroamanda@stanley.info
153,Jacqueline Gonzales,2024-04-07,riggscarla@miles-james.com
154,Rebecca Watkins,2023-09-02,tiffanylane@williams-stark.org
155,Heather Hudson,2023-07-24,marcmosley@green.org
156,Alexander Green,2023-11-13,travis91@dawson.com
157,Jeffrey Rodriguez,2024-01-10,williamsdaniel@hotmail.com
158,James Hill,2024-07-26,victor41@yahoo.com
159,Nicole Nguyen,2023-12-14,halegregory@hotmail.com
160,Julie Washington,2024-06-19,jennifer21@hotmail.com
161,Mario Davis,2023-11-06,smitheric@yahoo.com
162,Ms. Jennifer White,2024-10-03,christine57@chung.com
163,Matthew Ramirez,2023-07-03,imartin@gmail.com
164,Kylie Smith,2023-03-20,jwhite@shields-campbell.com
165,Jessica Stone,2023-09-30,brandonbrown@hotmail.com
166,Deborah Roman,2024-12-15,davidguerra@santiago.com
167,Shannon Moore,2023-03-11,yclark@williams-stanton.com
168,Mark Hill,2023-04-11,dberry@gmail.com
169,Kyle Thomas,2023-04-15,berryjose@hotmail.com
170,Jill Shaw,2023-04-10,jennifer83@reyes.org
171,Caitlin Woods,2023-03-29,ambermartin@johnson.com
172,Cameron Roberts,2023-09-02,lhughes@gmail.com
173,Rachel Ramirez,2024-08-29,jennifer47@hotmail.com
174,Maxwell Campbell,2023-04-30,lscott@joseph.info
175,Christopher Cox,2024-10-31,brandylopez@chaney.biz
176,Sean Holmes,2023-10-26,frank00@powell.biz
177,Elizabeth Jimenez,2024-03-07,karenjenkins@gutierrez.com
178,David Spence,2024-02-10,qblake@bryant-hines.com
179,Morgan Kennedy,2024-11-18,jharvey@mcmahon.com
180,Jeffrey Velasquez,2024-08-05,gregory76@clark.com
181,Lisa Williamson,2023-05-23,stephanie71@sanders.com
182,Maria Howard,2024-06-06,karen48@hotmail.com
183,Lisa Crawford,2024-02-15,eric25@gmail.com
184,Robert Brock,2024-11-20,uclarke@hotmail.com
185,Anthony Wilkerson,2023-06-06,xgeorge@hotmail.com
186,Jane Barron,2024-04-19,hallheather@durham.net
187,Joanna Collier,2023-04-13,handrews@chapman-lynch.com
188,James Hines,2023-05-13,nicole77@johnson.org
